<?xml version="1.0" encoding="UTF-8" ?>
<!DOCTYPE mapper PUBLIC "-//mybatis.org//DTD Mapper 3.0//EN"
  "http://mybatis.org/dtd/mybatis-3-mapper.dtd">

<mapper namespace="review">

	<select id="one" parameterType="reviewVO" resultType="reviewVO">
		select *
		from placeComment where member_id = #{member_id}
	</select>

	<insert id="create" parameterType="reviewVO">
		insert into placeComment values
		(#{member_id},#{placeComment_title},#{placeComment_content}, #{placeComment_mdfydate}, #{placeComment_traveldate}, #{placeComment_relationship})
	</insert>

	<update id="up" parameterType="reviewVO">
		update placeComment set placeComment_title = #{placeComment_title}, placeComment_content = #{placeComment_content}, placeComment_relationship = #{placeComment_relationship} Where
		member_id = #{member_id}
	</update>

	<delete id="del" parameterType="reviewVO">
		delete from placeComment where member_id = #{member_id}
	</delete>
	

</mapper>
